{"cameraMode":{"drawMode":0,"name":"Shaded","section":"Shading Mode"},"sceneLighting":true,"audioPlay":false,"sceneViewState":{"showFog":true,"showMaterialUpdate":false,"showSkybox":true,"showFlares":true,"showImageEffects":true,"showParticleSystems":true},"in2DMode":false,"pivot":{"x":-1.3991727828979493,"y":-0.08048057556152344,"z":1.8932881355285645},"rotation":{"x":-0.11630696803331375,"y":0.8418256640434265,"z":-0.2009386420249939,"w":-0.4872640073299408},"size":10.0,"orthographic":false}